"Reference","Pin","Net"
"J1","1","NC"
"J1","2","TPS_A"
"J1","3","TEMP_SENSOR"
"J1","4","TPS_B"
"J1","5","IGN_12V"
"J1","6","COIL_SIDE"
"J1","7","FAN_RELAY"
"J1","8","OEM_SIDE_PROBE"
"J1","9","OEM_CENTER_PROBE"
"J1","10","PICKUP_RAW"
"J1","11","GND_STAR"
"J1","12","COIL_CENTER"
"U1L","1","3V3"
"U1L","2","EN"
"U1L","3","TPS_ADC"
"U1L","4","TEMP_ADC"
"U1L","5","TPS_REF_ADC"
"U1L","6","HV_C_ADC"
"U1L","7","HV_S_ADC"
"U1L","8","VBAT_ADC"
"U1L","9","GATE_C"
"U1L","10","GATE_S"
"U1L","11","STROBE"
"U1L","12","FAULT_N"
"U1L","13","NC"
"U1L","14","GND_LOGIC"
"U1L","15","FAN_CTL"
"U1L","16","NC"
"U1L","17","NC"
"U1L","18","NC"
"U1L","19","5V_LOGIC"
"U1R","1","GND_LOGIC"
"U1R","2","NC"
"U1R","3","NC"
"U1R","4","UART_TX"
"U1R","5","UART_RX"
"U1R","6","NC"
"U1R","7","GND_LOGIC"
"U1R","8","PWM_B"
"U1R","9","PWM_A"
"U1R","10","BENCH_LOOP"
"U1R","11","OEM_SIDE"
"U1R","12","OEM_CENTER"
"U1R","13","PICKUP_DIG"
"U1R","14","BOOT"
"U1R","15","NC"
"U1R","16","NC"
"U1R","17","NC"
"U1R","18","NC"
"U1R","19","NC"
"FMAIN","1","IGN_12V"
"FMAIN","2","VIN_FUSED"
"DREV","A","VIN_FUSED"
"DREV","K","VIN_PROT"
"TVS_IN","A","GND_STAR"
"TVS_IN","K","VIN_PROT"
"L_IN","1","VIN_PROT"
"L_IN","2","VIN_FILT"
"C_IN","-","GND_STAR"
"C_IN","+","VIN_FILT"
"FLOGIC","1","VIN_FILT"
"FLOGIC","2","VIN_LOGIC"
"UBUCK","1","VIN_LOGIC"
"UBUCK","2","GND_STAR"
"UBUCK","3","5V_LOGIC"
"UBUCK","4","GND_LOGIC"
"FHV","1","VIN_FILT"
"FHV","2","VIN_HV_FUSED"
"SW1","1","VIN_HV_FUSED"
"SW1","2","VIN_HV"
"NT1","1","GND_STAR"
"NT1","2","GND_POWER"
"U2","1","FAULT_N"
"U2","2","PICKUP_OC"
"U2","3","5V_LOGIC"
"U2","4","PICKUP_ZERO"
"U2","5","PICKUP_SENSE"
"U2","6","ISENSE"
"U2","7","IREF"
"U2","8","HV_C_FB"
"U2","9","VOV_REF"
"U2","10","HV_S_FB"
"U2","11","VOV_REF"
"U2","12","GND_LOGIC"
"U2","13","FAULT_N"
"U2","14","FAULT_N"
"U3","1","OEM_C_LED_A"
"U3","2","GND_POWER"
"U3","3","GND_LOGIC"
"U3","4","OEM_CENTER"
"U4","1","OEM_S_LED_A"
"U4","2","GND_POWER"
"U4","3","GND_LOGIC"
"U4","4","OEM_SIDE"
"JTPS","1","TPS_A"
"JTPS","2","TPS_REF_RAW"
"JTPS","3","TPS_B"
"JTPS","4","TPS_B"
"JTPS","5","TPS_SIG_RAW"
"JTPS","6","TPS_A"
"QFAN","C","FAN_RELAY"
"QFAN","B","FAN_BASE"
"QFAN","E","GND_LOGIC"
"DFAN","A","FAN_RELAY"
"DFAN","K","VIN_PROT"
"U5","1","NC"
"U5","2","PWM_A_IN"
"U5","3","GND_POWER"
"U5","4","PWM_B_IN"
"U5","5","DRV_B"
"U5","6","VIN_HV"
"U5","7","DRV_A"
"U5","8","NC"
"QHV1","G","GATE_Q1"
"QHV1","D","LV_A"
"QHV1","S","ISENSE"
"QHV2","G","GATE_Q2"
"QHV2","D","LV_B"
"QHV2","S","ISENSE"
"RSENSE","1","ISENSE"
"RSENSE","2","GND_POWER"
"T1","1","LV_A"
"T1","2","VIN_HV"
"T1","3","LV_B"
"T1","4","HV_AC1"
"T1","5","HV_AC2"
"DREC1","A","HV_AC1"
"DREC1","K","BRIDGE_PLUS"
"DREC2","A","HV_AC2"
"DREC2","K","BRIDGE_PLUS"
"DREC3","A","GND_POWER"
"DREC3","K","HV_AC1"
"DREC4","A","GND_POWER"
"DREC4","K","HV_AC2"
"DCH_C","A","BRIDGE_PLUS"
"DCH_C","K","HV_CENTER"
"DCH_S","A","BRIDGE_PLUS"
"DCH_S","K","HV_SIDE"
"C_CENTER","1","HV_CENTER"
"C_CENTER","2","COIL_CENTER"
"C_SIDE","1","HV_SIDE"
"C_SIDE","2","COIL_SIDE"
"SCR1","K","GND_POWER"
"SCR1","A","HV_CENTER"
"SCR1","G","SCR_GATE_C"
"SCR2","K","GND_POWER"
"SCR2","A","HV_SIDE"
"SCR2","G","SCR_GATE_S"
"QNC","C","QPC_BASE_R"
"QNC","B","GATE_C_BASE"
"QNC","E","GND_LOGIC"
"QPC","C","SCR_GATE_C_R"
"QPC","B","QPC_BASE"
"QPC","E","VIN_HV"
"QNS","C","QPS_BASE_R"
"QNS","B","GATE_S_BASE"
"QNS","E","GND_LOGIC"
"QPS","C","SCR_GATE_S_R"
"QPS","B","QPS_BASE"
"QPS","E","VIN_HV"
"RVB1","1","VIN_FILT"
"RVB1","2","VBAT_SENSE"
"RVB2","1","VBAT_SENSE"
"RVB2","2","GND_LOGIC"
"RVB3","1","VBAT_SENSE"
"RVB3","2","VBAT_ADC"
"RT1","1","5V_LOGIC"
"RT1","2","TEMP_SENSOR"
"RT2","1","TEMP_SENSOR"
"RT2","2","TEMP_SENSE"
"RT3","1","TEMP_SENSE"
"RT3","2","GND_LOGIC"
"RT4","1","TEMP_SENSE"
"RT4","2","TEMP_ADC"
"RTPS1","1","TPS_SIG_RAW"
"RTPS1","2","TPS_SIG_DIV"
"RTPS2","1","TPS_SIG_DIV"
"RTPS2","2","GND_LOGIC"
"RTPS3","1","TPS_SIG_DIV"
"RTPS3","2","TPS_ADC"
"RTPS4","1","TPS_REF_RAW"
"RTPS4","2","TPS_REF_DIV"
"RTPS5","1","TPS_REF_DIV"
"RTPS5","2","GND_LOGIC"
"RTPS6","1","TPS_REF_DIV"
"RTPS6","2","TPS_REF_ADC"
"RPICK1","1","PICKUP_RAW"
"RPICK1","2","PICKUP_SENSE"
"RPICK2","1","PICKUP_SENSE"
"RPICK2","2","VMID"
"RPICK3","1","PICKUP_OC"
"RPICK3","2","PICKUP_SENSE"
"RPICK4","1","3V3"
"RPICK4","2","PICKUP_OC"
"RPICK5","1","PICKUP_OC"
"RPICK5","2","PICKUP_DIG"
"RVM1","1","3V3"
"RVM1","2","VMID"
"RVM2","1","VMID"
"RVM2","2","GND_LOGIC"
"RVZ1","1","5V_LOGIC"
"RVZ1","2","PICKUP_ZERO"
"RVZ2","1","PICKUP_ZERO"
"RVZ2","2","GND_LOGIC"
"ROEMC1","1","COIL_CENTER"
"ROEMC1","2","OEM_C_R1"
"ROEMC2","1","OEM_C_R1"
"ROEMC2","2","OEM_C_R2"
"ROEMC3","1","OEM_C_R2"
"ROEMC3","2","OEM_C_R3"
"ROEMC4","1","OEM_C_R3"
"ROEMC4","2","OEM_C_LED_A"
"ROEMS1","1","COIL_SIDE"
"ROEMS1","2","OEM_S_R1"
"ROEMS2","1","OEM_S_R1"
"ROEMS2","2","OEM_S_R2"
"ROEMS3","1","OEM_S_R2"
"ROEMS3","2","OEM_S_R3"
"ROEMS4","1","OEM_S_R3"
"ROEMS4","2","OEM_S_LED_A"
"ROEMC5","1","3V3"
"ROEMC5","2","OEM_CENTER"
"ROEMS5","1","3V3"
"ROEMS5","2","OEM_SIDE"
"RFAN1","1","FAN_CTL"
"RFAN1","2","FAN_BASE"
"RFAN2","1","FAN_BASE"
"RFAN2","2","GND_LOGIC"
"RPWMA","1","PWM_A"
"RPWMA","2","PWM_A_IN"
"RPWMB","1","PWM_B"
"RPWMB","2","PWM_B_IN"
"RGA","1","DRV_A"
"RGA","2","GATE_Q1"
"RGB","1","DRV_B"
"RGB","2","GATE_Q2"
"RGPD1","1","GATE_Q1"
"RGPD1","2","ISENSE"
"RGPD2","1","GATE_Q2"
"RGPD2","2","ISENSE"
"RI1","1","3V3"
"RI1","2","IREF"
"RI2","1","IREF"
"RI2","2","GND_LOGIC"
"RIS","1","ISENSE"
"RIS","2","ISENSE_ADC"
"RVOV1","1","5V_LOGIC"
"RVOV1","2","VOV_REF"
"RVOV2","1","VOV_REF"
"RVOV2","2","GND_LOGIC"
"RGC1","1","GATE_C"
"RGC1","2","GATE_C_BASE"
"RGC2","1","QPC_BASE_R"
"RGC2","2","QPC_BASE"
"RGC3","1","VIN_HV"
"RGC3","2","QPC_BASE"
"RGC4","1","SCR_GATE_C_R"
"RGC4","2","SCR_GATE_C"
"RGC5","1","SCR_GATE_C"
"RGC5","2","GND_POWER"
"RGS1","1","GATE_S"
"RGS1","2","GATE_S_BASE"
"RGS2","1","QPS_BASE_R"
"RGS2","2","QPS_BASE"
"RGS3","1","VIN_HV"
"RGS3","2","QPS_BASE"
"RGS4","1","SCR_GATE_S_R"
"RGS4","2","SCR_GATE_S"
"RGS5","1","SCR_GATE_S"
"RGS5","2","GND_POWER"
"RHVC1","1","HV_CENTER"
"RHVC1","2","HV_C_DIV1"
"RHVC2","1","HV_C_DIV1"
"RHVC2","2","HV_C_DIV2"
"RHVC3","1","HV_C_DIV2"
"RHVC3","2","HV_C_DIV3"
"RHVC4","1","HV_C_DIV3"
"RHVC4","2","HV_C_FB"
"RHVC5","1","HV_C_FB"
"RHVC5","2","GND_LOGIC"
"RHVC6","1","HV_C_FB"
"RHVC6","2","HV_C_ADC"
"RHVS1","1","HV_SIDE"
"RHVS1","2","HV_S_DIV1"
"RHVS2","1","HV_S_DIV1"
"RHVS2","2","HV_S_DIV2"
"RHVS3","1","HV_S_DIV2"
"RHVS3","2","HV_S_DIV3"
"RHVS4","1","HV_S_DIV3"
"RHVS4","2","HV_S_FB"
"RHVS5","1","HV_S_FB"
"RHVS5","2","GND_LOGIC"
"RHVS6","1","HV_S_FB"
"RHVS6","2","HV_S_ADC"
"RBC1","1","HV_CENTER"
"RBC1","2","BLEED_C1"
"RBC2","1","BLEED_C1"
"RBC2","2","BLEED_C2"
"RBC3","1","BLEED_C2"
"RBC3","2","BLEED_C3"
"RBC4","1","BLEED_C3"
"RBC4","2","COIL_CENTER"
"RBS1","1","HV_SIDE"
"RBS1","2","BLEED_S1"
"RBS2","1","BLEED_S1"
"RBS2","2","BLEED_S2"
"RBS3","1","BLEED_S2"
"RBS3","2","BLEED_S3"
"RBS4","1","BLEED_S3"
"RBS4","2","COIL_SIDE"
